ts_iso,session_id,request_id,task_code,step,outcome,ms,http_status,js_mode
2025-12-04T15:09:33.744344547Z,94b4ca,r_1566e49d,T0_list,success,,89,200,off
2025-12-04T15:12:12.152276273Z,94b4ca,r_a8a8b128,T3_add,success,,27,200,on
2025-12-04T15:12:27.754242612Z,94b4ca,r_e87e6eec,T3_add,success,,15,200,on
2025-12-04T15:12:47.517092582Z,94b4ca,r_5d2e9fc2,T3_add,success,,18,200,on
2025-12-04T15:13:12.976344951Z,94b4ca,r_587b9ad3,T3_add,success,,21,200,on
2025-12-04T15:13:48.382158067Z,94b4ca,r_69c417f1,T3_add,success,,20,200,on
2025-12-04T15:14:13.716435207Z,94b4ca,r_b879bf74,T3_add,success,,18,200,on
2025-12-04T15:14:31.179707132Z,94b4ca,r_92f56f32,T3_add,success,,18,200,on
2025-12-04T15:14:53.961790804Z,94b4ca,r_737a2506,T1_filter,success,,8,200,on
2025-12-04T15:14:54.425502129Z,94b4ca,r_ebe802ee,T1_filter,success,,4,200,on
2025-12-04T15:14:55.809290040Z,94b4ca,r_420a64dd,T1_filter,success,,12,200,on
2025-12-04T15:15:16.685847646Z,94b4ca,r_324dc666,T3_add,success,,20,200,on
2025-12-04T15:15:23.605595980Z,94b4ca,r_1047f8ed,T3_add,success,,20,200,on
2025-12-04T15:15:29.493210020Z,94b4ca,r_78e89736,T1_filter,success,,9,200,on
2025-12-04T15:15:29.892671682Z,94b4ca,r_61f97d9b,T1_filter,success,,5,200,on
2025-12-04T15:15:30.064987312Z,94b4ca,r_f8729fb8,T1_filter,success,,7,200,on
2025-12-04T15:15:32.651961197Z,94b4ca,r_b56d0814,T1_filter,success,,15,200,on
2025-12-04T15:15:34.934234066Z,94b4ca,r_97d3d211,T3_add,success,,22,200,on
2025-12-04T15:15:43.324982425Z,94b4ca,r_8c4948d4,T3_add,success,,19,200,on
2025-12-04T15:17:07.022045171Z,94b4ca,r_aacd2858,T1_filter,success,,7,200,on
2025-12-04T15:19:48.139443506Z,be56ba,r_01e038c6,T1_filter,success,,1,200,off
2025-12-04T15:19:48.168030716Z,88b403,r_3f1e1fbb,T0_list,success,,26,200,off
2025-12-04T15:25:50.305676184Z,94b4ca,r_d8cc0bcb,T1_filter,success,,19,200,on
2025-12-04T15:30:08.198740576Z,9abfff,r_71993bcf,T0_list,success,,30,200,off
2025-12-04T15:35:43.114230486Z,P1_6680fa,r_28b111ca,T1_filter,success,,9,200,on
2025-12-04T15:35:49.434900361Z,P1_6680fa,r_61da63f9,T0_list,success,,16,200,off
2025-12-04T15:36:33.251393905Z,P1_6680fa,r_4608535d,T3_add,success,,9,200,on
2025-12-04T15:36:37.055921185Z,P1_6680fa,r_82a7cfce,T0_list,success,,10,200,off
2025-12-04T15:38:56.363602029Z,P1_6680fa,r_efbef123,T0_list,success,,16,200,off
2025-12-04T15:39:10.308132299Z,P1_6680fa,r_ee47fd0b,T0_list,success,,12,200,off
2025-12-04T15:39:39.015675500Z,P1_6680fa,r_7e5d1d1f,T0_list,success,,20,200,off
2025-12-04T15:41:25.955715682Z,P1_6680fa,r_ce9a2783,T0_list,success,,24,200,off
2025-12-04T15:42:18.881959712Z,P1_6680fa,r_37c05fe7,T1_filter,success,,4,200,on
2025-12-04T15:42:19.398301371Z,P1_6680fa,r_ab682129,T1_filter,success,,7,200,on
2025-12-04T15:42:19.707410618Z,P1_6680fa,r_1f2e19b9,T1_filter,success,,7,200,on
2025-12-04T15:42:20.755807161Z,P1_6680fa,r_9e39fddf,T1_filter,success,,7,200,on
2025-12-04T15:42:21.888600462Z,P1_6680fa,r_09d35c36,T1_filter,success,,12,200,on
2025-12-04T15:42:22.507690627Z,P1_6680fa,r_64a685bf,T1_filter,success,,7,200,on
2025-12-04T15:42:24.655869425Z,P1_6680fa,r_0fe2a2e6,T1_filter,success,,10,200,on
2025-12-04T15:44:07.458617059Z,P1_6680fa,r_fcff6c44,T1_filter,success,,0,200,off
2025-12-04T15:44:07.477953892Z,P1_6680fa,r_b6eab294,T0_list,success,,17,200,off
2025-12-04T15:58:47.110317424Z,test,r_d97d0393,T0_list,success,,17,200,off
2025-12-04T15:59:05.414660600Z,test,r_e0a7a183,T3_add,success,,19,200,on
2025-12-04T16:11:47.498226957Z,P2_22764c,r_0c93590f,T0_list,success,,101,200,off
2025-12-04T16:11:51.536421758Z,P2_22764c,r_26aa2ce4,T1_filter,success,,10,200,on
2025-12-04T16:15:18.820255637Z,P2_22764c,r_fd90368d,T3_add,success,,35,200,on
2025-12-04T16:16:18.414864688Z,P2_22764c,r_05c586d3,T1_filter,success,,1,200,off
2025-12-04T16:16:18.446356306Z,P2_22764c,r_8c06e390,T0_list,success,,29,200,off
2025-12-04T16:18:06.319169414Z,P2_22764c,r_95d74580,T0_list,success,,28,200,off
2025-12-04T16:18:23.568866752Z,P2_22764c,r_bfeaf888,T1_filter,success,,10,200,on
2025-12-04T16:18:24.118505064Z,P2_22764c,r_2b209ab9,T1_filter,success,,8,200,on
2025-12-04T16:18:24.616841580Z,P2_22764c,r_25e812d8,T1_filter,success,,7,200,on
2025-12-04T16:18:25.399263113Z,P2_22764c,r_19d43ff6,T1_filter,success,,9,200,on
2025-12-04T16:19:00.053334451Z,P2_22764c,r_d888b4b5,T1_filter,success,,16,200,on
2025-12-04T16:19:18.746064352Z,P2_22764c,r_261477b5,T1_filter,success,,1,200,off
2025-12-04T16:19:18.780422344Z,P2_22764c,r_bc930d31,T0_list,success,,32,200,off
2025-12-08T01:48:41.581677351Z,DRY_RUN_01,r_f0a56bc6,T1_filter,success,,13,200,off
2025-12-08T01:48:41.655439316Z,DRY_RUN_01,r_df26873a,T0_list,success,,67,200,off
2025-12-08T03:14:57.186360117Z,DRY_RUN_01,r_d25c2932,T0_list,success,,147,200,off
2025-12-08T03:15:08.716709344Z,DRY_RUN_01,r_cd2e0922,T0_list,success,,8,200,off
2025-12-08T03:15:45.565196239Z,DRY_RUN_01,r_1d30f9f4,T0_list,success,,6,200,off
2025-12-08T03:16:06.097996086Z,DRY_RUN_01,r_09ff3b9f,T0_list,success,,6,200,off
2025-12-08T03:17:05.149449102Z,DRY_RUN_01,r_1c276072,T1_filter,success,,7,200,on
2025-12-08T03:18:23.700025556Z,DRY_RUN_01,r_fa05d47f,T1_filter,success,,18,200,off
2025-12-08T03:18:23.715957725Z,DRY_RUN_01,r_24f4e352,T0_list,success,,7,200,off
2025-12-08T03:18:28.567987246Z,DRY_RUN_01,r_0eabb312,T1_filter,success,,2,200,on
2025-12-08T03:18:41.730727392Z,DRY_RUN_01,r_11ec534e,T3_add,success,,76,200,on
2025-12-08T03:31:16.866033793Z,DRY_RUN_01,r_b1dc3d89,T1_filter,success,,13,200,off
2025-12-08T03:31:16.920365854Z,DRY_RUN_01,r_61ecd0cb,T0_list,success,,47,200,off
2025-12-08T03:31:35.954031669Z,f5fdde,test-req-1765164695837,T3_add,success,,112,200,on
2025-12-08T03:31:35.972206466Z,a49f74,test-req-1765164695966,T3_add,success,,6,200,on
2025-12-08T03:31:35.985002170Z,e0bc82,test-req-1765164695974,T0_list,success,,10,200,off
2025-12-08T03:31:36.002372706Z,adc038,test-req-1765164695999,T3_add,success,,3,200,on
2025-12-08T03:31:36.010991064Z,9bd54d,test-req-1765164696010,T3_add,validation_error,min_length,0,400,on
2025-12-08T03:31:36.012882136Z,9bd54d,test-req-1765164696010,T3_add,success,,2,200,on
2025-12-08T03:31:36.021410404Z,545012,test-req-1765164696019,T3_add,success,,2,200,off
2025-12-08T03:31:36.028659831Z,6b6601,test-req-1765164696027,T3_add,success,,1,200,off
2025-12-08T03:31:36.031454700Z,c93319,test-req-1765164696030,T3_add,success,,1,200,off
2025-12-08T03:31:36.033630387Z,91cf41,test-req-1765164696032,T3_add,success,,1,200,off
2025-12-08T03:31:36.035531197Z,3ee7b5,test-req-1765164696034,T3_add,success,,1,200,off
2025-12-08T03:31:36.037615923Z,a2e9ae,test-req-1765164696036,T3_add,success,,1,200,off
2025-12-08T03:31:36.039701179Z,cfb6a7,test-req-1765164696038,T3_add,success,,0,200,off
2025-12-08T03:31:36.041942288Z,891426,test-req-1765164696041,T3_add,success,,0,200,off
2025-12-08T03:31:36.043955149Z,4133b7,test-req-1765164696043,T3_add,success,,0,200,off
2025-12-08T03:31:36.045926432Z,7c72ca,test-req-1765164696045,T3_add,success,,0,200,off
2025-12-08T03:31:36.047878649Z,83e227,test-req-1765164696047,T3_add,success,,0,200,off
2025-12-08T03:31:36.050184129Z,a1d8d9,test-req-1765164696049,T3_add,success,,1,200,off
2025-12-08T03:31:36.052043902Z,87c6d1,test-req-1765164696051,T3_add,success,,1,200,off
2025-12-08T03:31:36.054078875Z,866af7,test-req-1765164696053,T3_add,success,,1,200,off
2025-12-08T03:31:36.055916466Z,511f43,test-req-1765164696055,T3_add,success,,0,200,off
2025-12-08T03:31:36.057633281Z,5bff54,test-req-1765164696056,T3_add,success,,1,200,off
2025-12-08T03:31:36.067046972Z,826242,test-req-1765164696058,T0_list,success,,9,200,off
2025-12-08T03:31:36.079508468Z,7aae64,test-req-1765164696076,T3_add,success,,3,200,on
2025-12-08T03:31:36.090610410Z,e77f36,test-req-1765164696085,T0_list,success,,4,200,off
2025-12-08T03:31:43.272454740Z,DRY_RUN_01,r_9d6b4591,T0_list,success,,129,200,off
2025-12-08T03:31:56.410195266Z,DRY_RUN_01,r_e500a7ff,T0_list,success,,6,200,off
2025-12-08T03:53:31.212808780Z,DRY_RUN_01,r_f9c11cc7,T0_list,success,,32,200,off
2025-12-08T03:53:35.585105603Z,DRY_RUN_01,r_7af97d60,T1_filter,success,,16,200,on
2025-12-08T03:53:40.822619580Z,8d8a23,r_99a7652e,T0_list,success,,7,200,off
2025-12-08T04:01:19.453750273Z,DRY_RUN_01,r_acc71891,T1_filter,success,,20,200,off
2025-12-08T04:01:19.483883064Z,DRY_RUN_01,r_d2d1c44a,T0_list,success,,15,200,off
2025-12-08T04:01:22.449087924Z,DRY_RUN_01,r_d3c935f4,T3_add,validation_error,min_length,0,400,on
2025-12-08T04:01:22.455946468Z,DRY_RUN_01,r_d3c935f4,T3_add,success,,26,200,on
2025-12-08T04:01:32.633876348Z,DRY_RUN_01,r_c1bd6a06,T3_add,validation_error,min_length,0,400,on
2025-12-08T04:01:32.637074245Z,DRY_RUN_01,r_c1bd6a06,T3_add,success,,4,200,on
2025-12-08T04:01:36.390317624Z,DRY_RUN_01,r_c861c81a,T3_add,success,,36,200,on
2025-12-08T04:06:36.228991455Z,DRY_RUN_01,r_cd0752e4,T0_list,success,,8,200,off
2025-12-08T04:06:40.079120103Z,DRY_RUN_01,r_c98cff34,T3_add,success,,6,200,on
2025-12-08T04:06:51.153032547Z,DRY_RUN_01,r_bb881265,T0_list,success,,132,200,off
2025-12-08T04:06:53.476507684Z,DRY_RUN_01,r_6bd5c31d,T3_add,validation_error,min_length,0,400,on
2025-12-08T04:06:53.481408209Z,DRY_RUN_01,r_6bd5c31d,T3_add,success,,10,200,on
2025-12-08T04:06:55.891197798Z,DRY_RUN_01,r_e6baeb8a,T3_add,success,,6,200,on
2025-12-08T04:06:57.871039592Z,DRY_RUN_01,r_59ea1bfc,T3_add,success,,5,200,on
2025-12-08T04:08:13.713369838Z,DRY_RUN_01,r_39e9e818,T0_list,success,,149,200,off
2025-12-08T04:08:17.274817405Z,DRY_RUN_01,r_c4f6af95,T3_add,validation_error,min_length,0,400,on
2025-12-08T04:08:17.282390611Z,DRY_RUN_01,r_c4f6af95,T3_add,success,,14,200,on
2025-12-08T04:08:19.555833618Z,DRY_RUN_01,r_bd817326,T3_add,success,,6,200,on
2025-12-08T04:08:23.560863972Z,34f8a1,r_56ccd719,T0_list,success,,5,200,off
2025-12-08T04:09:28.220276004Z,DRY_RUN_01,r_a1f82c24,T0_list,success,,132,200,off
2025-12-08T04:09:38.809545312Z,af387c,test-req-1765166978698,T3_add,success,,107,200,on
2025-12-08T04:09:38.826785134Z,b37905,test-req-1765166978821,T3_add,success,,5,200,on
2025-12-08T04:09:38.839972976Z,368946,test-req-1765166978829,T0_list,success,,10,200,off
2025-12-08T04:09:38.861774207Z,dd8c8e,test-req-1765166978858,T3_add,success,,3,200,on
2025-12-08T04:09:38.869097032Z,5884f2,test-req-1765166978868,T3_add,validation_error,min_length,0,400,on
2025-12-08T04:09:38.870861416Z,5884f2,test-req-1765166978868,T3_add,success,,2,200,on
2025-12-08T04:09:38.881097122Z,889f8f,test-req-1765166978877,T3_add,success,,4,200,off
2025-12-08T04:09:38.888574197Z,73b7fa,test-req-1765166978887,T3_add,success,,1,200,off
2025-12-08T04:09:38.890580987Z,f74b1f,test-req-1765166978890,T3_add,success,,0,200,off
2025-12-08T04:09:38.892185490Z,a3b6a7,test-req-1765166978891,T3_add,success,,1,200,off
2025-12-08T04:09:38.893622600Z,5a7af9,test-req-1765166978893,T3_add,success,,0,200,off
2025-12-08T04:09:38.894979478Z,3afecf,test-req-1765166978894,T3_add,success,,0,200,off
2025-12-08T04:09:38.896384307Z,70656b,test-req-1765166978895,T3_add,success,,1,200,off
2025-12-08T04:09:38.897884044Z,95af81,test-req-1765166978897,T3_add,success,,0,200,off
2025-12-08T04:09:38.899498517Z,f9fc30,test-req-1765166978898,T3_add,success,,1,200,off
2025-12-08T04:09:38.901245228Z,bc7536,test-req-1765166978900,T3_add,success,,1,200,off
2025-12-08T04:09:38.902811750Z,5864c1,test-req-1765166978902,T3_add,success,,0,200,off
2025-12-08T04:09:38.904494952Z,0bd8ea,test-req-1765166978903,T3_add,success,,1,200,off
2025-12-08T04:09:38.905943713Z,5b51c2,test-req-1765166978905,T3_add,success,,0,200,off
2025-12-08T04:09:38.907531275Z,191aa3,test-req-1765166978906,T3_add,success,,1,200,off
2025-12-08T04:09:38.909500775Z,0d06a0,test-req-1765166978908,T3_add,success,,1,200,off
2025-12-08T04:09:38.910953704Z,81334c,test-req-1765166978910,T3_add,success,,0,200,off
2025-12-08T04:09:38.920978334Z,1eb711,test-req-1765166978911,T0_list,success,,9,200,off
2025-12-08T04:09:38.931895040Z,74d1ab,test-req-1765166978928,T3_add,success,,3,200,on
2025-12-08T04:09:38.943938061Z,8fc07c,test-req-1765166978939,T0_list,success,,3,200,off
2025-12-08T04:09:44.107893337Z,DRY_RUN_01,r_0c77f403,T0_list,success,,147,200,off
2025-12-08T04:09:46.393342406Z,DRY_RUN_01,r_1cd42966,T0_list,success,,5,200,off
2025-12-08T04:09:52.449414193Z,DRY_RUN_01,r_5b346b2d,T3_add,success,,16,200,on
2025-12-08T04:09:53.858939426Z,DRY_RUN_01,r_31d02e13,T3_add,success,,9,200,on
2025-12-08T04:09:54.575158890Z,DRY_RUN_01,r_97115859,T3_add,validation_error,min_length,0,400,on
2025-12-08T04:09:54.580695029Z,DRY_RUN_01,r_97115859,T3_add,success,,7,200,on
2025-12-08T04:10:48.971758686Z,DRY_RUN_01,r_ccbf0802,T0_list,success,,141,200,off
2025-12-08T04:10:55.784669528Z,DRY_RUN_01,r_28b224ef,T3_add,validation_error,min_length,0,400,on
2025-12-08T04:10:55.794005196Z,DRY_RUN_01,r_28b224ef,T3_add,success,,13,200,on
2025-12-08T04:10:57.523071502Z,DRY_RUN_01,r_1be22d0c,T3_add,success,,9,200,on
2025-12-08T04:15:18.976125013Z,DRY_RUN_01,r_46af4683,T3_add,validation_error,min_length,0,400,on
2025-12-08T04:15:18.984906497Z,DRY_RUN_01,r_46af4683,T3_add,success,,9,200,on
2025-12-08T04:15:37.602517062Z,DRY_RUN_01,r_dad4f0b4,T3_add,success,,28,200,on
2025-12-08T13:12:28.657626712Z,DRY_RUN_01,r_b331d76a,T0_list,success,,179,200,off
2025-12-08T13:12:32.089731818Z,DRY_RUN_01,r_b1e8398f,T3_add,validation_error,min_length,0,400,on
2025-12-08T13:12:32.101451622Z,DRY_RUN_01,r_b1e8398f,T3_add,success,,18,200,on
2025-12-08T13:13:05.831890309Z,DRY_RUN_01,r_661f58f3,T3_add,validation_error,max_length,0,400,on
2025-12-08T13:13:05.839131696Z,DRY_RUN_01,r_661f58f3,T3_add,success,,185,200,on
2025-12-08T13:13:24.005512952Z,DRY_RUN_01,r_ed712827,T1_filter,success,,26,200,on
2025-12-08T13:13:24.842195683Z,DRY_RUN_01,r_42e0bd6b,T1_filter,success,,10,200,on
2025-12-08T13:13:26.682102033Z,DRY_RUN_01,r_1b3c7471,T1_filter,success,,4,200,on
2025-12-08T13:13:28.969190559Z,DRY_RUN_01,r_11b475f7,T1_filter,success,,3,200,on
2025-12-08T13:13:29.303199439Z,DRY_RUN_01,r_d0b20e97,T1_filter,success,,4,200,on
2025-12-08T13:13:29.637424835Z,DRY_RUN_01,r_dc67e48c,T1_filter,success,,5,200,on
2025-12-08T13:13:30.175053009Z,DRY_RUN_01,r_a78bdbfa,T1_filter,success,,5,200,on
2025-12-08T15:14:55.103274754Z,P1_a0ebee,r_4425a9de,T0_list,success,,108,200,off
2025-12-08T15:15:09.010550822Z,P1_a0ebee,r_37f13414,T0_list,success,,32,200,off
2025-12-08T15:15:24.977055114Z,P1_a0ebee,r_0d9e3dce,T3_add,validation_error,min_length,0,400,on
2025-12-08T15:15:24.998977069Z,P1_a0ebee,r_0d9e3dce,T3_add,success,,32,200,on
2025-12-08T16:17:27.705657220Z,P1_a0ebee,r_71c50a56,T0_list,success,,20,200,off
2025-12-08T16:17:48.618981142Z,P1_a0ebee,r_7cbdb3fd,T3_add,success,,15,200,on
2025-12-08T16:19:39.559930350Z,P1_a0ebee,r_b0c76a34,T0_list,success,,28,200,off
2025-12-08T16:21:02.096948104Z,P1_a0ebee,r_87086e53,T1_filter,success,,14,200,on
2025-12-08T16:21:03.069218474Z,P1_a0ebee,r_1d864df5,T1_filter,success,,9,200,on
2025-12-08T16:21:03.952001795Z,P1_a0ebee,r_cb105d2f,T1_filter,success,,13,200,on
2025-12-08T16:23:35.608923837Z,P1_a0ebee,r_27e0f69c,T0_list,success,,31,200,off
