id,title,completed,created_at
2d573cda-1858-407f-879e-7a697949a2e3,test,false,2025-12-08T03:18:41.716978224
eea67481-15de-42e0-928b-72c560510b21,123,false,2025-12-08T04:01:36.355388383
0e49f362-9df4-4140-9201-c7c62d093f26,task,false,2025-12-08T04:06:40.073475521
828c7d58-49d8-4687-8793-a2c631a64ca2,add,false,2025-12-08T04:06:55.885602188
1df8f679-e29f-4e2e-97a2-13f27f35afb1,task,false,2025-12-08T04:06:57.866674293
1b59546a-6a76-49d6-aec8-65330b013188,drth,false,2025-12-08T04:08:19.54999447
c81533ac-ab76-4575-91d0-a2270f65b10b,fef,false,2025-12-08T04:09:52.438656155
0a5f0195-14b5-4271-9006-2eb838ecf12f,fefeef,false,2025-12-08T04:09:53.850266224
6de83c79-c3c0-4760-8868-9535c552c9b0,qwer,false,2025-12-08T04:10:57.515989365
90ac77e6-0ada-4b1a-ad5f-89cf4156c5ff,qwer,false,2025-12-08T04:15:37.574925125
